{"global_step": 6209536, "_timestamp": 1693413889.8294914, "performance/step_inference_rl_update_fps": 1122.9537353515625, "performance/step_inference_fps": 1129.7603759765625, "performance/step_fps": 1162.251953125, "performance/rl_update_time": 0.04395151138305664, "performance/step_inference_time": 7.251094818115234, "performance/step_time": 7.0483856201171875, "losses/a_loss": 0.0007180050015449524, "losses/c_loss": 0.006857255473732948, "losses/entropy": -0.6870467066764832, "info/last_lr": 0.009999999776482582, "info/lr_mul": 1.0, "info/e_clip": 0.20000000298023224, "info/kl": 0.0033969806972891092, "info/epochs": 759.0, "losses/bounds_loss": 0.9668024182319641, "_runtime": 5559, "_step": 3023, "rewards/step": -10.012234687805176, "rewards/iter": -10.012234687805176, "rewards/time": -10.012234687805176, "shaped_rewards/step": -1.0012234449386597, "shaped_rewards/iter": -1.0012234449386597, "shaped_rewards/time": -1.0012234449386597, "episode_lengths/step": 499.0, "episode_lengths/iter": 499.0, "episode_lengths/time": 499.0}